Investigation Workpaper,,,,
1. Profile vs. Actual Activity,,,,
Stated expected monthly volume (min),4000,,,
Stated expected monthly volume (max),6000,,,
Actual deposit volume — August 2025,4500,,,
Actual deposit volume — September 2025,5000,,,
Actual deposit volume — October 2025,6300,,,
3-month rolling average (Aug–Oct),5266.66666666667,,,
Actual deposit volume — November 2025 (alert month),85000,,,
November variance vs. 3-month average,15.1392405063291,,,
Flag: volume deviation > 300% of average?,YES - SEVERE DEVIATION,,,
2. Payment Channel Analysis,,,,
"ACH deposits, Aug–Oct (baseline channel)",6,,,
"Wire deposits, November (new channel)",7,,,
"Flag: new, higher-limit payment channel introduced with volume spike?",YES,,,
3. Structuring Analysis,,,,
"November deposits between $9,000–$9,999.99",4,,,
"Flag: 3+ deposits clustered just under $10,000?",YES - POSSIBLE STRUCTURING,,,
4. Wallet Analysis — November Crypto Withdrawals,,,,
transaction_id,destination_wallet,amount_usd,risk_category,exposure_type
TX-023,0xd32fca24e8114256e8f422605e62ecba47a580f2,38000,Severe,Direct: Darknet Marketplace
TX-024,0xe56abba9fc5b65775b78642c79c1db2db930f65f,33500,High,Indirect: Mixing Service (2 hops)
TX-025,0x94ac26f9b7f9fab8dea8003a11452eee891e77f5,2000,Low,"None - customer-attributed wallet, ownership verified"
Worst wallet risk category among November withdrawals,Severe,,,
5. Case Risk Score & Disposition,,,,
Points — volume deviation flag,40,,,
Points — worst wallet risk category,40,,,
Points — structuring flag,15,,,
Points — payment channel shift flag,10,,,
TOTAL CASE RISK SCORE,105,,,
RISK-BASED DISPOSITION,HIGH RISK — File SAR; restrict withdrawals pending review; escalate for law enforcement referral consideration,,,
